tau,final_reward,final_reward_std,mean_kendall_tau
0.01,-11.866557812883283,0.8124119721806417,0.9023151020408164
