tau,final_reward,final_reward_std,kendall_tau
0.2,-10.836300947097698,0.3031649352770938,0.16289741496598642
