tau,final_reward,final_reward_std,kendall_tau
0.01,-10.714120840529654,1.5494728733462302,0.917331156462585
