tau,final_reward,final_reward_std,kendall_tau
0.1,-10.494972369454423,0.8450086427740012,0.40087945578231293
