tau,final_reward,final_reward_std,kendall_tau
0.15,-10.585850293717828,0.5238084492017129,0.2736783673469388
