tau,final_reward,final_reward_std,kendall_tau
0.3,-11.26028196836828,0.3188040735890514,0.042031020408163276
