tau,final_reward,final_reward_std,kendall_tau
0.05,-10.020961369931822,1.1453290751594867,0.6448696598639456
