tau,final_reward,final_reward_std,mean_kendall_tau
0.05,-11.198283742235521,0.7629824030361763,0.6239791020408163
