tau,final_reward,final_reward_std,kendall_tau
0.5,-11.076343577006208,0.31952031093383465,-0.16289088435374152
