tau,final_reward,final_reward_std,mean_kendall_tau
0.1,-11.587161663238401,0.8996426420267685,0.38482155102040816
